authorImg,authorName
https://robohash.org/reiciendissolutaadipisci.png?size=50x50&set=set1,Tristan Cattenach
https://robohash.org/doloremnihildistinctio.png?size=50x50&set=set1,Cristie Hinckley
https://robohash.org/estsedfacere.png?size=50x50&set=set1,Farica Costan
https://robohash.org/estcommodiab.png?size=50x50&set=set1,Sayres Espadas
https://robohash.org/ipsatemporadolorem.png?size=50x50&set=set1,Florie Freshwater
https://robohash.org/voluptatesitsunt.png?size=50x50&set=set1,Kenn Coghlan
https://robohash.org/perspiciatisfugatenetur.png?size=50x50&set=set1,Vassily Cossar
https://robohash.org/vitaeillumbeatae.png?size=50x50&set=set1,Trip Chagg
https://robohash.org/vitaequisuscipit.png?size=50x50&set=set1,Lenore Tyndall
https://robohash.org/laboriosamquifugiat.png?size=50x50&set=set1,Gerrie Renney
https://robohash.org/aquisquamerror.png?size=50x50&set=set1,Gwendolyn Caseri
https://robohash.org/porroenimet.png?size=50x50&set=set1,Merrily Cantor
https://robohash.org/undesintamet.png?size=50x50&set=set1,Georgi Mosley
https://robohash.org/sapienteculpaaperiam.png?size=50x50&set=set1,Gayle Picken
https://robohash.org/quofugapraesentium.png?size=50x50&set=set1,Kent Sheddan
https://robohash.org/sitnecessitatibusnumquam.png?size=50x50&set=set1,Dyan Warrender
https://robohash.org/nobissuscipitut.png?size=50x50&set=set1,Adrien Scase
https://robohash.org/etrationedignissimos.png?size=50x50&set=set1,Gaspard Chancelier
https://robohash.org/similiqueaccusantiumneque.png?size=50x50&set=set1,Delphinia Lattie
https://robohash.org/accusamusdeseruntsunt.png?size=50x50&set=set1,Allene Tumayan
https://robohash.org/laborerationequi.png?size=50x50&set=set1,Stanton Clemas
https://robohash.org/assumendaaliasaut.png?size=50x50&set=set1,Antonius Kinnin
https://robohash.org/etquamnisi.png?size=50x50&set=set1,Olympie Reynoldson
https://robohash.org/nobisexpeditaveritatis.png?size=50x50&set=set1,Hart Standish
https://robohash.org/consecteturnemorepellat.png?size=50x50&set=set1,Corliss Bonehill
https://robohash.org/velitquisit.png?size=50x50&set=set1,Mead Indge
https://robohash.org/odioimpedittempora.png?size=50x50&set=set1,Izabel Perceval
https://robohash.org/utrecusandaenam.png?size=50x50&set=set1,Kennith Readitt
https://robohash.org/velitdoloreenim.png?size=50x50&set=set1,Torrin Pigrome
https://robohash.org/nostrumquireprehenderit.png?size=50x50&set=set1,Cleveland Issit
https://robohash.org/iddelectusqui.png?size=50x50&set=set1,Joelly Ravenscroft
https://robohash.org/aliquidnameum.png?size=50x50&set=set1,Fonz Darlison
https://robohash.org/laborumvelita.png?size=50x50&set=set1,Patrice Di Angelo
https://robohash.org/omnisquinumquam.png?size=50x50&set=set1,Malachi Scroxton
https://robohash.org/praesentiumidnobis.png?size=50x50&set=set1,Roldan Leavens
https://robohash.org/quiapossimusminima.png?size=50x50&set=set1,Suellen Penwright
https://robohash.org/sitconsequaturdeserunt.png?size=50x50&set=set1,Lynnet Catt
https://robohash.org/veritatisblanditiislabore.png?size=50x50&set=set1,Townie Petel
https://robohash.org/providentautalias.png?size=50x50&set=set1,Arte Craigmile
https://robohash.org/quamnonsimilique.png?size=50x50&set=set1,Eden Henricsson
https://robohash.org/eligendiaspernaturincidunt.png?size=50x50&set=set1,Arabelle Surmeyers
https://robohash.org/voluptastemporeminima.png?size=50x50&set=set1,Heinrik Betonia
https://robohash.org/quosrepellatesse.png?size=50x50&set=set1,Mead Danielczyk
https://robohash.org/acorporisearum.png?size=50x50&set=set1,Nikolia Timbridge
https://robohash.org/quisquamipsamrerum.png?size=50x50&set=set1,Alberik Bickerdicke
https://robohash.org/possimusanimivoluptas.png?size=50x50&set=set1,Marna Scanlin
https://robohash.org/remaccusantiumveniam.png?size=50x50&set=set1,Vaughn Chmiel
https://robohash.org/earumquiut.png?size=50x50&set=set1,Neils Moisey
https://robohash.org/voluptasasperioresqui.png?size=50x50&set=set1,Berni O' Clovan
https://robohash.org/autemaliquamratione.png?size=50x50&set=set1,Caryn Bowld
